n, H[n]
0, 1024
1, 3071
2, 6140
3, 10230
4, 15340
5, 21469
6, 28616
7, 36780
8, 45960
9, 56155
10, 67364
11, 79586
12, 92820
13, 107065
14, 122320
15, 138584
16, 155856
17, 174135
18, 193420
19, 213710
20, 235004
21, 257301
22, 280600
23, 304900
24, 330200
25, 356499
26, 383796
27, 412090
28, 441380
29, 471665
30, 502944
31, 535216
32, 568480
33, 602735
34, 637980
35, 674214
36, 711436
37, 749645
38, 788840
39, 829020
40, 870184
41, 912331
42, 955460
43, 999570
44, 1044660
45, 1090729
46, 1137776
47, 1185800
48, 1234800
49, 1284775
50, 1335724
51, 1387646
52, 1440540
53, 1494405
54, 1549240
55, 1605044
56, 1661816
57, 1719555
58, 1778260
59, 1837930
60, 1898564
61, 1960161
62, 2022720
63, 2086240
64, 2150720
65, 2216159
66, 2282556
67, 2349910
68, 2418220
69, 2487485
70, 2557704
71, 2628876
72, 2701000
73, 2774075
74, 2848100
75, 2923074
76, 2998996
77, 3075865
78, 3153680
79, 3232440
80, 3312144
81, 3392791
82, 3474380
83, 3556910
84, 3640380
85, 3724789
86, 3810136
87, 3896420
88, 3983640
89, 4071795
90, 4160884
91, 4250906
92, 4341860
93, 4433745
94, 4526560
95, 4620304
96, 4714976
97, 4810575
98, 4907100
99, 5004550
100, 5102924
101, 5202221
102, 5302440
103, 5403580
104, 5505640
105, 5608619
106, 5712516
107, 5817330
108, 5923060
109, 6029705
110, 6137264
111, 6245736
112, 6355120
113, 6465415
114, 6576620
115, 6688734
116, 6801756
117, 6915685
118, 7030520
119, 7146260
120, 7262904
121, 7380451
122, 7498900
123, 7618250
124, 7738500
125, 7859649
126, 7981696
127, 8104640
128, 8228480
129, 8353215
130, 8478844
131, 8605366
132, 8732780
133, 8861085
134, 8990280
135, 9120364
136, 9251336
137, 9383195
138, 9515940
139, 9649570
140, 9784084
141, 9919481
142, 10055760
143, 10192920
144, 10330960
145, 10469879
146, 10609676
147, 10750350
148, 10891900
149, 11034325
150, 11177624
151, 11321796
152, 11466840
153, 11612755
154, 11759540
155, 11907194
156, 12055716
157, 12205105
158, 12355360
159, 12506480
160, 12658464
161, 12811311
162, 12965020
163, 13119590
164, 13275020
165, 13431309
166, 13588456
167, 13746460
168, 13905320
169, 14065035
170, 14225604
171, 14387026
172, 14549300
173, 14712425
174, 14876400
175, 15041224
176, 15206896
177, 15373415
178, 15540780
179, 15708990
180, 15878044
181, 16047941
182, 16218680
183, 16390260
184, 16562680
185, 16735939
186, 16910036
187, 17084970
188, 17260740
189, 17437345
190, 17614784
191, 17793056
192, 17972160
193, 18152095
194, 18332860
195, 18514454
196, 18696876
197, 18880125
198, 19064200
199, 19249100
200, 19434824
201, 19621371
202, 19808740
203, 19996930
204, 20185940
205, 20375769
206, 20566416
207, 20757880
208, 20950160
209, 21143255
210, 21337164
211, 21531886
212, 21727420
213, 21923765
214, 22120920
215, 22318884
216, 22517656
217, 22717235
218, 22917620
219, 23118810
220, 23320804
221, 23523601
222, 23727200
223, 23931600
224, 24136800
225, 24342799
226, 24549596
227, 24757190
228, 24965580
229, 25174765
230, 25384744
231, 25595516
232, 25807080
233, 26019435
234, 26232580
235, 26446514
236, 26661236
237, 26876745
238, 27093040
239, 27310120
240, 27527984
241, 27746631
242, 27966060
243, 28186270
244, 28407260
245, 28629029
246, 28851576
247, 29074900
248, 29299000
249, 29523875
250, 29749524
251, 29975946
252, 30203140
253, 30431105
254, 30659840
255, 30889344
256, 31119616
257, 31350655
258, 31582460
259, 31815030
260, 32048364
261, 32282461
262, 32517320
263, 32752940
264, 32989320
265, 33226459
266, 33464356
267, 33703010
268, 33942420
269, 34182585
270, 34423504
271, 34665176
272, 34907600
273, 35150775
274, 35394700
275, 35639374
276, 35884796
277, 36130965
278, 36377880
279, 36625540
280, 36873944
281, 37123091
282, 37372980
283, 37623610
284, 37874980
285, 38127089
286, 38379936
287, 38633520
288, 38887840
289, 39142895
290, 39398684
291, 39655206
292, 39912460
293, 40170445
294, 40429160
295, 40688604
296, 40948776
297, 41209675
298, 41471300
299, 41733650
300, 41996724
301, 42260521
302, 42525040
303, 42790280
304, 43056240
305, 43322919
306, 43590316
307, 43858430
308, 44127260
309, 44396805
310, 44667064
311, 44938036
312, 45209720
313, 45482115
314, 45755220
315, 46029034
316, 46303556
317, 46578785
318, 46854720
319, 47131360
320, 47408704
321, 47686751
322, 47965500
323, 48244950
324, 48525100
325, 48805949
326, 49087496
327, 49369740
328, 49652680
329, 49936315
330, 50220644
331, 50505666
332, 50791380
333, 51077785
334, 51364880
335, 51652664
336, 51941136
337, 52230295
338, 52520140
339, 52810670
340, 53101884
341, 53393781
342, 53686360
343, 53979620
344, 54273560
345, 54568179
346, 54863476
347, 55159450
348, 55456100
349, 55753425
350, 56051424
351, 56350096
352, 56649440
353, 56949455
354, 57250140
355, 57551494
356, 57853516
357, 58156205
358, 58459560
359, 58763580
360, 59068264
361, 59373611
362, 59679620
363, 59986290
364, 60293620
365, 60601609
366, 60910256
367, 61219560
368, 61529520
369, 61840135
370, 62151404
371, 62463326
372, 62775900
373, 63089125
374, 63403000
375, 63717524
376, 64032696
377, 64348515
378, 64664980
379, 64982090
380, 65299844
381, 65618241
382, 65937280
383, 66256960
384, 66577280
385, 66898239
386, 67219836
387, 67542070
388, 67864940
389, 68188445
390, 68512584
391, 68837356
392, 69162760
393, 69488795
394, 69815460
395, 70142754
396, 70470676
397, 70799225
398, 71128400
399, 71458200
400, 71788624
401, 72119671
402, 72451340
403, 72783630
404, 73116540
405, 73450069
406, 73784216
407, 74118980
408, 74454360
409, 74790355
410, 75126964
411, 75464186
412, 75802020
413, 76140465
414, 76479520
415, 76819184
416, 77159456
417, 77500335
418, 77841820
419, 78183910
420, 78526604
421, 78869901
422, 79213800
423, 79558300
424, 79903400
425, 80249099
426, 80595396
427, 80942290
428, 81289780
429, 81637865
430, 81986544
431, 82335816
432, 82685680
433, 83036135
434, 83387180
435, 83738814
436, 84091036
437, 84443845
438, 84797240
439, 85151220
440, 85505784
441, 85860931
442, 86216660
443, 86572970
444, 86929860
445, 87287329
446, 87645376
447, 88004000
448, 88363200
449, 88722975
450, 89083324
451, 89444246
452, 89805740
453, 90167805
454, 90530440
455, 90893644
456, 91257416
457, 91621755
458, 91986660
459, 92352130
460, 92718164
461, 93084761
462, 93451920
463, 93819640
464, 94187920
465, 94556759
466, 94926156
467, 95296110
468, 95666620
469, 96037685
470, 96409304
471, 96781476
472, 97154200
473, 97527475
474, 97901300
475, 98275674
476, 98650596
477, 99026065
478, 99402080
479, 99778640
480, 100155744
481, 100533391
482, 100911580
483, 101290310
484, 101669580
485, 102049389
486, 102429736
487, 102810620
488, 103192040
489, 103573995
490, 103956484
491, 104339506
492, 104723060
493, 105107145
494, 105491760
495, 105876904
496, 106262576
497, 106648775
498, 107035500
499, 107422750
500, 107810524
501, 108198821
502, 108587640
503, 108976980
504, 109366840
505, 109757219
506, 110148116
507, 110539530
508, 110931460
509, 111323905
510, 111716864
511, 112110336
512, 112504320
513, 112898815
514, 113293820
515, 113689334
516, 114085356
517, 114481885
518, 114878920
519, 115276460
520, 115674504
521, 116073051
522, 116472100
523, 116871650
524, 117271700
525, 117672249
526, 118073296
527, 118474840
528, 118876880
529, 119279415
530, 119682444
531, 120085966
532, 120489980
533, 120894485
534, 121299480
535, 121704964
536, 122110936
537, 122517395
538, 122924340
539, 123331770
540, 123739684
541, 124148081
542, 124556960
543, 124966320
544, 125376160
545, 125786479
546, 126197276
547, 126608550
548, 127020300
549, 127432525
550, 127845224
551, 128258396
552, 128672040
553, 129086155
554, 129500740
555, 129915794
556, 130331316
557, 130747305
558, 131163760
559, 131580680
560, 131998064
561, 132415911
562, 132834220
563, 133252990
564, 133672220
565, 134091909
566, 134512056
567, 134932660
568, 135353720
569, 135775235
570, 136197204
571, 136619626
572, 137042500
573, 137465825
574, 137889600
575, 138313824
576, 138738496
577, 139163615
578, 139589180
579, 140015190
580, 140441644
581, 140868541
582, 141295880
583, 141723660
584, 142151880
585, 142580539
586, 143009636
587, 143439170
588, 143869140
589, 144299545
590, 144730384
591, 145161656
592, 145593360
593, 146025495
594, 146458060
595, 146891054
596, 147324476
597, 147758325
598, 148192600
599, 148627300
600, 149062424
601, 149497971
602, 149933940
603, 150370330
604, 150807140
605, 151244369
606, 151682016
607, 152120080
608, 152558560
609, 152997455
610, 153436764
611, 153876486
612, 154316620
613, 154757165
614, 155198120
615, 155639484
616, 156081256
617, 156523435
618, 156966020
619, 157409010
620, 157852404
621, 158296201
622, 158740400
623, 159185000
624, 159630000
625, 160075399
626, 160521196
627, 160967390
628, 161413980
629, 161860965
630, 162308344
631, 162756116
632, 163204280
633, 163652835
634, 164101780
635, 164551114
636, 165000836
637, 165450945
638, 165901440
639, 166352320
640, 166803584
641, 167255231
642, 167707260
643, 168159670
644, 168612460
645, 169065629
646, 169519176
647, 169973100
648, 170427400
649, 170882075
650, 171337124
651, 171792546
652, 172248340
653, 172704505
654, 173161040
655, 173617944
656, 174075216
657, 174532855
658, 174990860
659, 175449230
660, 175907964
661, 176367061
662, 176826520
663, 177286340
664, 177746520
665, 178207059
666, 178667956
667, 179129210
668, 179590820
669, 180052785
670, 180515104
671, 180977776
672, 181440800
673, 181904175
674, 182367900
675, 182831974
676, 183296396
677, 183761165
678, 184226280
679, 184691740
680, 185157544
681, 185623691
682, 186090180
683, 186557010
684, 187024180
685, 187491689
686, 187959536
687, 188427720
688, 188896240
689, 189365095
690, 189834284
691, 190303806
692, 190773660
693, 191243845
694, 191714360
695, 192185204
696, 192656376
697, 193127875
698, 193599700
699, 194071850
700, 194544324
701, 195017121
702, 195490240
703, 195963680
704, 196437440
705, 196911519
706, 197385916
707, 197860630
708, 198335660
709, 198811005
710, 199286664
711, 199762636
712, 200238920
713, 200715515
714, 201192420
715, 201669634
716, 202147156
717, 202624985
718, 203103120
719, 203581560
720, 204060304
721, 204539351
722, 205018700
723, 205498350
724, 205978300
725, 206458549
726, 206939096
727, 207419940
728, 207901080
729, 208382515
730, 208864244
731, 209346266
732, 209828580
733, 210311185
734, 210794080
735, 211277264
736, 211760736
737, 212244495
738, 212728540
739, 213212870
740, 213697484
741, 214182381
742, 214667560
743, 215153020
744, 215638760
745, 216124779
746, 216611076
747, 217097650
748, 217584500
749, 218071625
750, 218559024
751, 219046696
752, 219534640
753, 220022855
754, 220511340
755, 221000094
756, 221489116
757, 221978405
758, 222467960
759, 222957780
760, 223447864
761, 223938211
762, 224428820
763, 224919690
764, 225410820
765, 225902209
766, 226393856
767, 226885760
768, 227377920
769, 227870335
770, 228363004
771, 228855926
772, 229349100
773, 229842525
774, 230336200
775, 230830124
776, 231324296
777, 231818715
778, 232313380
779, 232808290
780, 233303444
781, 233798841
782, 234294480
783, 234790360
784, 235286480
785, 235782839
786, 236279436
787, 236776270
788, 237273340
789, 237770645
790, 238268184
791, 238765956
792, 239263960
793, 239762195
794, 240260660
795, 240759354
796, 241258276
797, 241757425
798, 242256800
799, 242756400
800, 243256224
801, 243756271
802, 244256540
803, 244757030
804, 245257740
805, 245758669
806, 246259816
807, 246761180
808, 247262760
809, 247764555
810, 248266564
811, 248768786
812, 249271220
813, 249773865
814, 250276720
815, 250779784
816, 251283056
817, 251786535
818, 252290220
819, 252794110
820, 253298204
821, 253802501
822, 254307000
823, 254811700
824, 255316600
825, 255821699
826, 256326996
827, 256832490
828, 257338180
829, 257844065
830, 258350144
831, 258856416
832, 259362880
833, 259869535
834, 260376380
835, 260883414
836, 261390636
837, 261898045
838, 262405640
839, 262913420
840, 263421384
841, 263929531
842, 264437860
843, 264946370
844, 265455060
845, 265963929
846, 266472976
847, 266982200
848, 267491600
849, 268001175
850, 268510924
851, 269020846
852, 269530940
853, 270041205
854, 270551640
855, 271062244
856, 271573016
857, 272083955
858, 272595060
859, 273106330
860, 273617764
861, 274129361
862, 274641120
863, 275153040
864, 275665120
865, 276177359
866, 276689756
867, 277202310
868, 277715020
869, 278227885
870, 278740904
871, 279254076
872, 279767400
873, 280280875
874, 280794500
875, 281308274
876, 281822196
877, 282336265
878, 282850480
879, 283364840
880, 283879344
881, 284393991
882, 284908780
883, 285423710
884, 285938780
885, 286453989
886, 286969336
887, 287484820
888, 288000440
889, 288516195
890, 289032084
891, 289548106
892, 290064260
893, 290580545
894, 291096960
895, 291613504
896, 292130176
897, 292646975
898, 293163900
899, 293680950
900, 294198124
901, 294715421
902, 295232840
903, 295750380
904, 296268040
905, 296785819
906, 297303716
907, 297821730
908, 298339860
909, 298858105
910, 299376464
911, 299894936
912, 300413520
913, 300932215
914, 301451020
915, 301969934
916, 302488956
917, 303008085
918, 303527320
919, 304046660
920, 304566104
921, 305085651
922, 305605300
923, 306125050
924, 306644900
925, 307164849
926, 307684896
927, 308205040
928, 308725280
929, 309245615
930, 309766044
931, 310286566
932, 310807180
933, 311327885
934, 311848680
935, 312369564
936, 312890536
937, 313411595
938, 313932740
939, 314453970
940, 314975284
941, 315496681
942, 316018160
943, 316539720
944, 317061360
945, 317583079
946, 318104876
947, 318626750
948, 319148700
949, 319670725
950, 320192824
951, 320714996
952, 321237240
953, 321759555
954, 322281940
955, 322804394
956, 323326916
957, 323849505
958, 324372160
959, 324894880
960, 325417664
961, 325940511
962, 326463420
963, 326986390
964, 327509420
965, 328032509
966, 328555656
967, 329078860
968, 329602120
969, 330125435
970, 330648804
971, 331172226
972, 331695700
973, 332219225
974, 332742800
975, 333266424
976, 333790096
977, 334313815
978, 334837580
979, 335361390
980, 335885244
981, 336409141
982, 336933080
983, 337457060
984, 337981080
985, 338505139
986, 339029236
987, 339553370
988, 340077540
989, 340601745
990, 341125984
991, 341650256
992, 342174560
993, 342698895
994, 343223260
995, 343747654
996, 344272076
997, 344796525
998, 345321000
999, 345845500
1000, 346370024
1001, 346894571
1002, 347419140
1003, 347943730
1004, 348468340
1005, 348992969
1006, 349517616
1007, 350042280
1008, 350566960
1009, 351091655
1010, 351616364
1011, 352141086
1012, 352665820
1013, 353190565
1014, 353715320
1015, 354240084
1016, 354764856
1017, 355289635
1018, 355814420
1019, 356339210
1020, 356864004
1021, 357388801
1022, 357913600
1023, 358438400
1024, 358963200
1025, 359488000
1026, 360012800
1027, 360537600
1028, 361062400
1029, 361587200
1030, 362112000
1031, 362636800
1032, 363161600
1033, 363686400
1034, 364211200
1035, 364736000
1036, 365260800
1037, 365785600
1038, 366310400
1039, 366835200
1040, 367360000
1041, 367884800
1042, 368409600
1043, 368934400
1044, 369459200
1045, 369984000
1046, 370508800
1047, 371033600
1048, 371558400
1049, 372083200
1050, 372608000
1051, 373132800
1052, 373657600
1053, 374182400
1054, 374707200
1055, 375232000
1056, 375756800
1057, 376281600
1058, 376806400
1059, 377331200
1060, 377856000
1061, 378380800
1062, 378905600
1063, 379430400
1064, 379955200
1065, 380480000
1066, 381004800
1067, 381529600
1068, 382054400
1069, 382579200
1070, 383104000
1071, 383628800
1072, 384153600
1073, 384678400
1074, 385203200
1075, 385728000
1076, 386252800
1077, 386777600
1078, 387302400
1079, 387827200
1080, 388352000
1081, 388876800
1082, 389401600
1083, 389926400
1084, 390451200
1085, 390976000
1086, 391500800
1087, 392025600
1088, 392550400
1089, 393075200
1090, 393600000
1091, 394124800
1092, 394649600
1093, 395174400
1094, 395699200
1095, 396224000
1096, 396748800
1097, 397273600
1098, 397798400
1099, 398323200
1100, 398848000
1101, 399372800
1102, 399897600
1103, 400422400
1104, 400947200
1105, 401472000
1106, 401996800
1107, 402521600
1108, 403046400
1109, 403571200
1110, 404096000
1111, 404620800
1112, 405145600
1113, 405670400
1114, 406195200
1115, 406720000
1116, 407244800
1117, 407769600
1118, 408294400
1119, 408819200
1120, 409344000
1121, 409868800
1122, 410393600
1123, 410918400
1124, 411443200
1125, 411968000
1126, 412492800
1127, 413017600
1128, 413542400
1129, 414067200
1130, 414592000
1131, 415116800
1132, 415641600
1133, 416166400
1134, 416691200
1135, 417216000
1136, 417740800
1137, 418265600
1138, 418790400
1139, 419315200
1140, 419840000
1141, 420364800
1142, 420889600
1143, 421414400
1144, 421939200
1145, 422464000
1146, 422988800
1147, 423513600
1148, 424038400
1149, 424563200
1150, 425088000
1151, 425612800
1152, 426137600
1153, 426662400
1154, 427187200
1155, 427712000
1156, 428236800
1157, 428761600
1158, 429286400
1159, 429811200
1160, 430336000
1161, 430860800
1162, 431385600
1163, 431910400
1164, 432435200
1165, 432960000
1166, 433484800
1167, 434009600
1168, 434534400
1169, 435059200
1170, 435584000
1171, 436108800
1172, 436633600
1173, 437158400
1174, 437683200
1175, 438208000
1176, 438732800
1177, 439257600
1178, 439782400
1179, 440307200
1180, 440832000
1181, 441356800
1182, 441881600
1183, 442406400
1184, 442931200
1185, 443456000
1186, 443980800
1187, 444505600
1188, 445030400
1189, 445555200
1190, 446080000
1191, 446604800
1192, 447129600
1193, 447654400
1194, 448179200
1195, 448704000
1196, 449228800
1197, 449753600
1198, 450278400
1199, 450803200
1200, 451328000
1201, 451852800
1202, 452377600
1203, 452902400
1204, 453427200
1205, 453952000
1206, 454476800
1207, 455001600
1208, 455526400
1209, 456051200
1210, 456576000
1211, 457100800
1212, 457625600
1213, 458150400
1214, 458675200
1215, 459200000
1216, 459724800
1217, 460249600
1218, 460774400
1219, 461299200
1220, 461824000
1221, 462348800
1222, 462873600
1223, 463398400
1224, 463923200
1225, 464448000
1226, 464972800
1227, 465497600
1228, 466022400
1229, 466547200
1230, 467072000
1231, 467596800
1232, 468121600
1233, 468646400
1234, 469171200
1235, 469696000
1236, 470220800
1237, 470745600
1238, 471270400
1239, 471795200
1240, 472320000
1241, 472844800
1242, 473369600
1243, 473894400
1244, 474419200
1245, 474944000
1246, 475468800
1247, 475993600
1248, 476518400
1249, 477043200
1250, 477568000
1251, 478092800
1252, 478617600
1253, 479142400
1254, 479667200
1255, 480192000
1256, 480716800
1257, 481241600
1258, 481766400
1259, 482291200
1260, 482816000
1261, 483340800
1262, 483865600
1263, 484390400
1264, 484915200
1265, 485440000
1266, 485964800
1267, 486489600
1268, 487014400
1269, 487539200
1270, 488064000
1271, 488588800
1272, 489113600
1273, 489638400
1274, 490163200
1275, 490688000
1276, 491212800
1277, 491737600
1278, 492262400
1279, 492787200
1280, 493312000
1281, 493836800
1282, 494361600
1283, 494886400
1284, 495411200
1285, 495936000
1286, 496460800
1287, 496985600
1288, 497510400
1289, 498035200
1290, 498560000
1291, 499084800
1292, 499609600
1293, 500134400
1294, 500659200
1295, 501184000
1296, 501708800
1297, 502233600
1298, 502758400
1299, 503283200
1300, 503808000
1301, 504332800
1302, 504857600
1303, 505382400
1304, 505907200
1305, 506432000
1306, 506956800
1307, 507481600
1308, 508006400
1309, 508531200
1310, 509056000
1311, 509580800
1312, 510105600
1313, 510630400
1314, 511155200
1315, 511680000
1316, 512204800
1317, 512729600
1318, 513254400
1319, 513779200
1320, 514304000
1321, 514828800
1322, 515353600
1323, 515878400
1324, 516403200
1325, 516928000
1326, 517452800
1327, 517977600
1328, 518502400
1329, 519027200
1330, 519552000
1331, 520076800
1332, 520601600
1333, 521126400
1334, 521651200
1335, 522176000
1336, 522700800
1337, 523225600
1338, 523750400
1339, 524275200
1340, 524800000
1341, 525324800
1342, 525849600
1343, 526374400
1344, 526899200
1345, 527424000
1346, 527948800
1347, 528473600
1348, 528998400
1349, 529523200
1350, 530048000
1351, 530572800
1352, 531097600
1353, 531622400
1354, 532147200
1355, 532672000
1356, 533196800
1357, 533721600
1358, 534246400
1359, 534771200
1360, 535296000
1361, 535820800
1362, 536345600
1363, 536870400
1364, 537395200
1365, 537920000
1366, 538444800
1367, 538969600
1368, 539494400
1369, 540019200
1370, 540544000
1371, 541068800
1372, 541593600
1373, 542118400
1374, 542643200
1375, 543168000
1376, 543692800
1377, 544217600
1378, 544742400
1379, 545267200
1380, 545792000
1381, 546316800
1382, 546841600
1383, 547366400
1384, 547891200
1385, 548416000
1386, 548940800
1387, 549465600
1388, 549990400
1389, 550515200
1390, 551040000
1391, 551564800
1392, 552089600
1393, 552614400
1394, 553139200
1395, 553664000
1396, 554188800
1397, 554713600
1398, 555238400
1399, 555763200
1400, 556288000
1401, 556812800
1402, 557337600
1403, 557862400
1404, 558387200
1405, 558912000
1406, 559436800
1407, 559961600
1408, 560486400
1409, 561011200
1410, 561536000
1411, 562060800
1412, 562585600
1413, 563110400
1414, 563635200
1415, 564160000
1416, 564684800
1417, 565209600
1418, 565734400
1419, 566259200
1420, 566784000
1421, 567308800
1422, 567833600
1423, 568358400
1424, 568883200
1425, 569408000
1426, 569932800
1427, 570457600
1428, 570982400
1429, 571507200
1430, 572032000
1431, 572556800
1432, 573081600
1433, 573606400
1434, 574131200
1435, 574656000
1436, 575180800
1437, 575705600
1438, 576230400
1439, 576755200
1440, 577280000
1441, 577804800
1442, 578329600
1443, 578854400
1444, 579379200
1445, 579904000
1446, 580428800
1447, 580953600
1448, 581478400
1449, 582003200
1450, 582528000
1451, 583052800
1452, 583577600
1453, 584102400
1454, 584627200
1455, 585152000
1456, 585676800
1457, 586201600
1458, 586726400
1459, 587251200
1460, 587776000
1461, 588300800
1462, 588825600
1463, 589350400
1464, 589875200
1465, 590400000
1466, 590924800
1467, 591449600
1468, 591974400
1469, 592499200
1470, 593024000
1471, 593548800
1472, 594073600
1473, 594598400
1474, 595123200
1475, 595648000
1476, 596172800
1477, 596697600
1478, 597222400
1479, 597747200
1480, 598272000
1481, 598796800
1482, 599321600
1483, 599846400
1484, 600371200
1485, 600896000
1486, 601420800
1487, 601945600
1488, 602470400
1489, 602995200
1490, 603520000
1491, 604044800
1492, 604569600
1493, 605094400
1494, 605619200
1495, 606144000
1496, 606668800
1497, 607193600
1498, 607718400
1499, 608243200
1500, 608768000
1501, 609292800
1502, 609817600
1503, 610342400
1504, 610867200
1505, 611392000
1506, 611916800
1507, 612441600
1508, 612966400
1509, 613491200
1510, 614016000
1511, 614540800
1512, 615065600
1513, 615590400
1514, 616115200
1515, 616640000
1516, 617164800
1517, 617689600
1518, 618214400
1519, 618739200
1520, 619264000
1521, 619788800
1522, 620313600
1523, 620838400
1524, 621363200
1525, 621888000
1526, 622412800
1527, 622937600
1528, 623462400
1529, 623987200
1530, 624512000
1531, 625036800
1532, 625561600
1533, 626086400
1534, 626611200
1535, 627136000
1536, 627660800
1537, 628185600
1538, 628710400
1539, 629235200
1540, 629760000
1541, 630284800
1542, 630809600
1543, 631334400
1544, 631859200
1545, 632384000
1546, 632908800
1547, 633433600
1548, 633958400
1549, 634483200
1550, 635008000
1551, 635532800
1552, 636057600
1553, 636582400
1554, 637107200
1555, 637632000
1556, 638156800
1557, 638681600
1558, 639206400
1559, 639731200
1560, 640256000
1561, 640780800
1562, 641305600
1563, 641830400
1564, 642355200
1565, 642880000
1566, 643404800
1567, 643929600
1568, 644454400
1569, 644979200
1570, 645504000
1571, 646028800
1572, 646553600
1573, 647078400
1574, 647603200
1575, 648128000
1576, 648652800
1577, 649177600
1578, 649702400
1579, 650227200
1580, 650752000
1581, 651276800
1582, 651801600
1583, 652326400
1584, 652851200
1585, 653376000
1586, 653900800
1587, 654425600
1588, 654950400
1589, 655475200
1590, 656000000
1591, 656524800
1592, 657049600
1593, 657574400
1594, 658099200
1595, 658624000
1596, 659148800
1597, 659673600
1598, 660198400
1599, 660723200
1600, 661248000
1601, 661772800
1602, 662297600
1603, 662822400
1604, 663347200
1605, 663872000
1606, 664396800
1607, 664921600
1608, 665446400
1609, 665971200
1610, 666496000
1611, 667020800
1612, 667545600
1613, 668070400
1614, 668595200
1615, 669120000
1616, 669644800
1617, 670169600
1618, 670694400
1619, 671219200
1620, 671744000
1621, 672268800
1622, 672793600
1623, 673318400
1624, 673843200
1625, 674368000
1626, 674892800
1627, 675417600
1628, 675942400
1629, 676467200
1630, 676992000
1631, 677516800
1632, 678041600
1633, 678566400
1634, 679091200
1635, 679616000
1636, 680140800
1637, 680665600
1638, 681190400
1639, 681715200
1640, 682240000
1641, 682764800
1642, 683289600
1643, 683814400
1644, 684339200
1645, 684864000
1646, 685388800
1647, 685913600
1648, 686438400
1649, 686963200
1650, 687488000
1651, 688012800
1652, 688537600
1653, 689062400
1654, 689587200
1655, 690112000
1656, 690636800
1657, 691161600
1658, 691686400
1659, 692211200
1660, 692736000
1661, 693260800
1662, 693785600
1663, 694310400
1664, 694835200
1665, 695360000
1666, 695884800
1667, 696409600
1668, 696934400
1669, 697459200
1670, 697984000
1671, 698508800
1672, 699033600
1673, 699558400
1674, 700083200
1675, 700608000
1676, 701132800
1677, 701657600
1678, 702182400
1679, 702707200
1680, 703232000
1681, 703756800
1682, 704281600
1683, 704806400
1684, 705331200
1685, 705856000
1686, 706380800
1687, 706905600
1688, 707430400
1689, 707955200
1690, 708480000
1691, 709004800
1692, 709529600
1693, 710054400
1694, 710579200
1695, 711104000
1696, 711628800
1697, 712153600
1698, 712678400
1699, 713203200
1700, 713728000
1701, 714252800
1702, 714777600
1703, 715302400
1704, 715827200
1705, 716352000
1706, 716876800
1707, 717401600
1708, 717926400
1709, 718451200
1710, 718976000
1711, 719500800
1712, 720025600
1713, 720550400
1714, 721075200
1715, 721600000
1716, 722124800
1717, 722649600
1718, 723174400
1719, 723699200
1720, 724224000
1721, 724748800
1722, 725273600
1723, 725798400
1724, 726323200
1725, 726848000
1726, 727372800
1727, 727897600
1728, 728422400
1729, 728947200
1730, 729472000
1731, 729996800
1732, 730521600
1733, 731046400
1734, 731571200
1735, 732096000
1736, 732620800
1737, 733145600
1738, 733670400
1739, 734195200
1740, 734720000
1741, 735244800
1742, 735769600
1743, 736294400
1744, 736819200
1745, 737344000
1746, 737868800
1747, 738393600
1748, 738918400
1749, 739443200
1750, 739968000
1751, 740492800
1752, 741017600
1753, 741542400
1754, 742067200
1755, 742592000
1756, 743116800
1757, 743641600
1758, 744166400
1759, 744691200
1760, 745216000
1761, 745740800
1762, 746265600
1763, 746790400
1764, 747315200
1765, 747840000
1766, 748364800
1767, 748889600
1768, 749414400
1769, 749939200
1770, 750464000
1771, 750988800
1772, 751513600
1773, 752038400
1774, 752563200
1775, 753088000
1776, 753612800
1777, 754137600
1778, 754662400
1779, 755187200
1780, 755712000
1781, 756236800
1782, 756761600
1783, 757286400
1784, 757811200
1785, 758336000
1786, 758860800
1787, 759385600
1788, 759910400
1789, 760435200
1790, 760960000
1791, 761484800
1792, 762009600
1793, 762534400
1794, 763059200
1795, 763584000
1796, 764108800
1797, 764633600
1798, 765158400
1799, 765683200
1800, 766208000
1801, 766732800
1802, 767257600
1803, 767782400
1804, 768307200
1805, 768832000
1806, 769356800
1807, 769881600
1808, 770406400
1809, 770931200
1810, 771456000
1811, 771980800
1812, 772505600
1813, 773030400
1814, 773555200
1815, 774080000
1816, 774604800
1817, 775129600
1818, 775654400
1819, 776179200
1820, 776704000
1821, 777228800
1822, 777753600
1823, 778278400
1824, 778803200
1825, 779328000
1826, 779852800
1827, 780377600
1828, 780902400
1829, 781427200
1830, 781952000
1831, 782476800
1832, 783001600
1833, 783526400
1834, 784051200
1835, 784576000
1836, 785100800
1837, 785625600
1838, 786150400
1839, 786675200
1840, 787200000
1841, 787724800
1842, 788249600
1843, 788774400
1844, 789299200
1845, 789824000
1846, 790348800
1847, 790873600
1848, 791398400
1849, 791923200
1850, 792448000
1851, 792972800
1852, 793497600
1853, 794022400
1854, 794547200
1855, 795072000
1856, 795596800
1857, 796121600
1858, 796646400
1859, 797171200
1860, 797696000
1861, 798220800
1862, 798745600
1863, 799270400
1864, 799795200
1865, 800320000
1866, 800844800
1867, 801369600
1868, 801894400
1869, 802419200
1870, 802944000
1871, 803468800
1872, 803993600
1873, 804518400
1874, 805043200
1875, 805568000
1876, 806092800
1877, 806617600
1878, 807142400
1879, 807667200
1880, 808192000
1881, 808716800
1882, 809241600
1883, 809766400
1884, 810291200
1885, 810816000
1886, 811340800
1887, 811865600
1888, 812390400
1889, 812915200
1890, 813440000
1891, 813964800
1892, 814489600
1893, 815014400
1894, 815539200
1895, 816064000
1896, 816588800
1897, 817113600
1898, 817638400
1899, 818163200
1900, 818688000
1901, 819212800
1902, 819737600
1903, 820262400
1904, 820787200
1905, 821312000
1906, 821836800
1907, 822361600
1908, 822886400
1909, 823411200
1910, 823936000
1911, 824460800
1912, 824985600
1913, 825510400
1914, 826035200
1915, 826560000
1916, 827084800
1917, 827609600
1918, 828134400
1919, 828659200
1920, 829184000
1921, 829708800
1922, 830233600
1923, 830758400
1924, 831283200
1925, 831808000
1926, 832332800
1927, 832857600
1928, 833382400
1929, 833907200
1930, 834432000
1931, 834956800
1932, 835481600
1933, 836006400
1934, 836531200
1935, 837056000
1936, 837580800
1937, 838105600
1938, 838630400
1939, 839155200
1940, 839680000
1941, 840204800
1942, 840729600
1943, 841254400
1944, 841779200
1945, 842304000
1946, 842828800
1947, 843353600
1948, 843878400
1949, 844403200
1950, 844928000
1951, 845452800
1952, 845977600
1953, 846502400
1954, 847027200
1955, 847552000
1956, 848076800
1957, 848601600
1958, 849126400
1959, 849651200
1960, 850176000
1961, 850700800
1962, 851225600
1963, 851750400
1964, 852275200
1965, 852800000
1966, 853324800
1967, 853849600
1968, 854374400
1969, 854899200
1970, 855424000
1971, 855948800
1972, 856473600
1973, 856998400
1974, 857523200
1975, 858048000
1976, 858572800
1977, 859097600
1978, 859622400
1979, 860147200
1980, 860672000
1981, 861196800
1982, 861721600
1983, 862246400
1984, 862771200
1985, 863296000
1986, 863820800
1987, 864345600
1988, 864870400
1989, 865395200
1990, 865920000
1991, 866444800
1992, 866969600
1993, 867494400
1994, 868019200
1995, 868544000
1996, 869068800
1997, 869593600
1998, 870118400
1999, 870643200
2000, 871168000
2001, 871692800
2002, 872217600
2003, 872742400
2004, 873267200
2005, 873792000
2006, 874316800
2007, 874841600
2008, 875366400
2009, 875891200
2010, 876416000
2011, 876940800
2012, 877465600
2013, 877990400
2014, 878515200
2015, 879040000
2016, 879564800
2017, 880089600
2018, 880614400
2019, 881139200
2020, 881664000
2021, 882188800
2022, 882713600
2023, 883238400
2024, 883763200
2025, 884288000
2026, 884812800
2027, 885337600
2028, 885862400
2029, 886387200
2030, 886912000
2031, 887436800
2032, 887961600
2033, 888486400
2034, 889011200
2035, 889536000
2036, 890060800
2037, 890585600
2038, 891110400
2039, 891635200
2040, 892160000
2041, 892684800
2042, 893209600
2043, 893734400
2044, 894259200
2045, 894784000
2046, 895308800
2047, 895833600
2048, 896358400
2049, 896883200
2050, 897408000
2051, 897932800
2052, 898457600
2053, 898982400
2054, 899507200
2055, 900032000
2056, 900556800
2057, 901081600
2058, 901606400
2059, 902131200
2060, 902656000
2061, 903180800
2062, 903705600
2063, 904230400
2064, 904755200
2065, 905280000
2066, 905804800
2067, 906329600
2068, 906854400
2069, 907379200
2070, 907904000
2071, 908428800
2072, 908953600
2073, 909478400
2074, 910003200
2075, 910528000
2076, 911052800
2077, 911577600
2078, 912102400
2079, 912627200
2080, 913152000
2081, 913676800
2082, 914201600
2083, 914726400
2084, 915251200
2085, 915776000
2086, 916300800
2087, 916825600
2088, 917350400
2089, 917875200
2090, 918400000
2091, 918924800
2092, 919449600
2093, 919974400
2094, 920499200
2095, 921024000
2096, 921548800
2097, 922073600
2098, 922598400
2099, 923123200
2100, 923648000
2101, 924172800
2102, 924697600
2103, 925222400
2104, 925747200
2105, 926272000
2106, 926796800
2107, 927321600
2108, 927846400
2109, 928371200
2110, 928896000
2111, 929420800
2112, 929945600
2113, 930470400
2114, 930995200
2115, 931520000
2116, 932044800
2117, 932569600
2118, 933094400
2119, 933619200
2120, 934144000
2121, 934668800
2122, 935193600
2123, 935718400
2124, 936243200
2125, 936768000
2126, 937292800
2127, 937817600
2128, 938342400
2129, 938867200
2130, 939392000
2131, 939916800
2132, 940441600
2133, 940966400
2134, 941491200
2135, 942016000
2136, 942540800
2137, 943065600
2138, 943590400
2139, 944115200
2140, 944640000
2141, 945164800
2142, 945689600
2143, 946214400
2144, 946739200
2145, 947264000
2146, 947788800
2147, 948313600
2148, 948838400
2149, 949363200
2150, 949888000
2151, 950412800
2152, 950937600
2153, 951462400
2154, 951987200
2155, 952512000
2156, 953036800
2157, 953561600
2158, 954086400
2159, 954611200
2160, 955136000
2161, 955660800
2162, 956185600
2163, 956710400
2164, 957235200
2165, 957760000
2166, 958284800
2167, 958809600
2168, 959334400
2169, 959859200
2170, 960384000
2171, 960908800
2172, 961433600
2173, 961958400
2174, 962483200
2175, 963008000
2176, 963532800
2177, 964057600
2178, 964582400
2179, 965107200
2180, 965632000
2181, 966156800
2182, 966681600
2183, 967206400
2184, 967731200
2185, 968256000
2186, 968780800
2187, 969305600
2188, 969830400
2189, 970355200
2190, 970880000
2191, 971404800
2192, 971929600
2193, 972454400
2194, 972979200
2195, 973504000
2196, 974028800
2197, 974553600
2198, 975078400
2199, 975603200
2200, 976128000
2201, 976652800
2202, 977177600
2203, 977702400
2204, 978227200
2205, 978752000
2206, 979276800
2207, 979801600
2208, 980326400
2209, 980851200
2210, 981376000
2211, 981900800
2212, 982425600
2213, 982950400
2214, 983475200
2215, 984000000
2216, 984524800
2217, 985049600
2218, 985574400
2219, 986099200
2220, 986624000
2221, 987148800
2222, 987673600
2223, 988198400
2224, 988723200
2225, 989248000
2226, 989772800
2227, 990297600
2228, 990822400
2229, 991347200
2230, 991872000
2231, 992396800
2232, 992921600
2233, 993446400
2234, 993971200
2235, 994496000
2236, 995020800
2237, 995545600
2238, 996070400
2239, 996595200
2240, 997120000
2241, 997644800
2242, 998169600
2243, 998694400
2244, 999219200
2245, 999744000
2246, 1000268800
2247, 1000793600
2248, 1001318400
2249, 1001843200
2250, 1002368000
2251, 1002892800
2252, 1003417600
2253, 1003942400
2254, 1004467200
2255, 1004992000
2256, 1005516800
2257, 1006041600
2258, 1006566400
2259, 1007091200
2260, 1007616000
2261, 1008140800
2262, 1008665600
2263, 1009190400
2264, 1009715200
2265, 1010240000
2266, 1010764800
2267, 1011289600
2268, 1011814400
2269, 1012339200
2270, 1012864000
2271, 1013388800
2272, 1013913600
2273, 1014438400
2274, 1014963200
2275, 1015488000
2276, 1016012800
2277, 1016537600
2278, 1017062400
2279, 1017587200
2280, 1018112000
2281, 1018636800
2282, 1019161600
2283, 1019686400
2284, 1020211200
2285, 1020736000
2286, 1021260800
2287, 1021785600
2288, 1022310400
2289, 1022835200
2290, 1023360000
2291, 1023884800
2292, 1024409600
2293, 1024934400
2294, 1025459200
2295, 1025984000
2296, 1026508800
2297, 1027033600
2298, 1027558400
2299, 1028083200
2300, 1028608000
2301, 1029132800
2302, 1029657600
2303, 1030182400
2304, 1030707200
2305, 1031232000
2306, 1031756800
2307, 1032281600
2308, 1032806400
2309, 1033331200
2310, 1033856000
2311, 1034380800
2312, 1034905600
2313, 1035430400
2314, 1035955200
2315, 1036480000
2316, 1037004800
2317, 1037529600
2318, 1038054400
2319, 1038579200
2320, 1039104000
2321, 1039628800
2322, 1040153600
2323, 1040678400
2324, 1041203200
2325, 1041728000
2326, 1042252800
2327, 1042777600
2328, 1043302400
2329, 1043827200
2330, 1044352000
2331, 1044876800
2332, 1045401600
2333, 1045926400
2334, 1046451200
2335, 1046976000
2336, 1047500800
2337, 1048025600
2338, 1048550400
2339, 1049075200
2340, 1049600000
2341, 1050124800
2342, 1050649600
2343, 1051174400
2344, 1051699200
2345, 1052224000
2346, 1052748800
2347, 1053273600
2348, 1053798400
2349, 1054323200
2350, 1054848000
2351, 1055372800
2352, 1055897600
2353, 1056422400
2354, 1056947200
2355, 1057472000
2356, 1057996800
2357, 1058521600
2358, 1059046400
2359, 1059571200
2360, 1060096000
2361, 1060620800
2362, 1061145600
2363, 1061670400
2364, 1062195200
2365, 1062720000
2366, 1063244800
2367, 1063769600
2368, 1064294400
2369, 1064819200
2370, 1065344000
2371, 1065868800
2372, 1066393600
2373, 1066918400
2374, 1067443200
2375, 1067968000
2376, 1068492800
2377, 1069017600
2378, 1069542400
2379, 1070067200
2380, 1070592000
2381, 1071116800
2382, 1071641600
2383, 1072166400
2384, 1072691200
2385, 1073216000
2386, 1073740800
2387, 1074265600
2388, 1074790400
2389, 1075315200
2390, 1075840000
2391, 1076364800
2392, 1076889600
2393, 1077414400
2394, 1077939200
2395, 1078464000
2396, 1078988800
2397, 1079513600
2398, 1080038400
2399, 1080563200
2400, 1081088000
2401, 1081612800
2402, 1082137600
2403, 1082662400
2404, 1083187200
2405, 1083712000
2406, 1084236800
2407, 1084761600
2408, 1085286400
2409, 1085811200
2410, 1086336000
2411, 1086860800
2412, 1087385600
2413, 1087910400
2414, 1088435200
2415, 1088960000
2416, 1089484800
2417, 1090009600
2418, 1090534400
2419, 1091059200
2420, 1091584000
2421, 1092108800
2422, 1092633600
2423, 1093158400
2424, 1093683200
2425, 1094208000
2426, 1094732800
2427, 1095257600
2428, 1095782400
2429, 1096307200
2430, 1096832000
2431, 1097356800
2432, 1097881600
2433, 1098406400
2434, 1098931200
2435, 1099456000
2436, 1099980800
2437, 1100505600
2438, 1101030400
2439, 1101555200
2440, 1102080000
2441, 1102604800
2442, 1103129600
2443, 1103654400
2444, 1104179200
2445, 1104704000
2446, 1105228800
2447, 1105753600
2448, 1106278400
2449, 1106803200
2450, 1107328000
2451, 1107852800
2452, 1108377600
2453, 1108902400
2454, 1109427200
2455, 1109952000
2456, 1110476800
2457, 1111001600
2458, 1111526400
2459, 1112051200
2460, 1112576000
2461, 1113100800
2462, 1113625600
2463, 1114150400
2464, 1114675200
2465, 1115200000
2466, 1115724800
2467, 1116249600
2468, 1116774400
2469, 1117299200
2470, 1117824000
2471, 1118348800
2472, 1118873600
2473, 1119398400
2474, 1119923200
2475, 1120448000
2476, 1120972800
2477, 1121497600
2478, 1122022400
2479, 1122547200
2480, 1123072000
2481, 1123596800
2482, 1124121600
2483, 1124646400
2484, 1125171200
2485, 1125696000
2486, 1126220800
2487, 1126745600
2488, 1127270400
2489, 1127795200
2490, 1128320000
2491, 1128844800
2492, 1129369600
2493, 1129894400
2494, 1130419200
2495, 1130944000
2496, 1131468800
2497, 1131993600
2498, 1132518400
2499, 1133043200
2500, 1133568000
2501, 1134092800
2502, 1134617600
2503, 1135142400
2504, 1135667200
2505, 1136192000
2506, 1136716800
2507, 1137241600
2508, 1137766400
2509, 1138291200
2510, 1138816000
2511, 1139340800
2512, 1139865600
2513, 1140390400
2514, 1140915200
2515, 1141440000
2516, 1141964800
2517, 1142489600
2518, 1143014400
2519, 1143539200
2520, 1144064000
2521, 1144588800
2522, 1145113600
2523, 1145638400
2524, 1146163200
2525, 1146688000
2526, 1147212800
2527, 1147737600
2528, 1148262400
2529, 1148787200
2530, 1149312000
2531, 1149836800
2532, 1150361600
2533, 1150886400
2534, 1151411200
2535, 1151936000
2536, 1152460800
2537, 1152985600
2538, 1153510400
2539, 1154035200
2540, 1154560000
2541, 1155084800
2542, 1155609600
2543, 1156134400
2544, 1156659200
2545, 1157184000
2546, 1157708800
2547, 1158233600
2548, 1158758400
2549, 1159283200
2550, 1159808000
2551, 1160332800
2552, 1160857600
2553, 1161382400
2554, 1161907200
2555, 1162432000
2556, 1162956800
2557, 1163481600
2558, 1164006400
2559, 1164531200
2560, 1165056000
2561, 1165580800
2562, 1166105600
2563, 1166630400
2564, 1167155200
2565, 1167680000
2566, 1168204800
2567, 1168729600
2568, 1169254400
2569, 1169779200
2570, 1170304000
2571, 1170828800
2572, 1171353600
2573, 1171878400
2574, 1172403200
2575, 1172928000
2576, 1173452800
2577, 1173977600
2578, 1174502400
2579, 1175027200
2580, 1175552000
2581, 1176076800
2582, 1176601600
2583, 1177126400
2584, 1177651200
2585, 1178176000
2586, 1178700800
2587, 1179225600
2588, 1179750400
2589, 1180275200
2590, 1180800000
2591, 1181324800
2592, 1181849600
2593, 1182374400
2594, 1182899200
2595, 1183424000
2596, 1183948800
2597, 1184473600
2598, 1184998400
2599, 1185523200
2600, 1186048000
2601, 1186572800
2602, 1187097600
2603, 1187622400
2604, 1188147200
2605, 1188672000
2606, 1189196800
2607, 1189721600
2608, 1190246400
2609, 1190771200
2610, 1191296000
2611, 1191820800
2612, 1192345600
2613, 1192870400
2614, 1193395200
2615, 1193920000
2616, 1194444800
2617, 1194969600
2618, 1195494400
2619, 1196019200
2620, 1196544000
2621, 1197068800
2622, 1197593600
2623, 1198118400
2624, 1198643200
2625, 1199168000
2626, 1199692800
2627, 1200217600
2628, 1200742400
2629, 1201267200
2630, 1201792000
2631, 1202316800
2632, 1202841600
2633, 1203366400
2634, 1203891200
2635, 1204416000
2636, 1204940800
2637, 1205465600
2638, 1205990400
2639, 1206515200
2640, 1207040000
2641, 1207564800
2642, 1208089600
2643, 1208614400
2644, 1209139200
2645, 1209664000
2646, 1210188800
2647, 1210713600
2648, 1211238400
2649, 1211763200
2650, 1212288000
2651, 1212812800
2652, 1213337600
2653, 1213862400
2654, 1214387200
2655, 1214912000
2656, 1215436800
2657, 1215961600
2658, 1216486400
2659, 1217011200
2660, 1217536000
2661, 1218060800
2662, 1218585600
2663, 1219110400
2664, 1219635200
2665, 1220160000
2666, 1220684800
2667, 1221209600
2668, 1221734400
2669, 1222259200
2670, 1222784000
2671, 1223308800
2672, 1223833600
2673, 1224358400
2674, 1224883200
2675, 1225408000
2676, 1225932800
2677, 1226457600
2678, 1226982400
2679, 1227507200
2680, 1228032000
2681, 1228556800
2682, 1229081600
2683, 1229606400
2684, 1230131200
2685, 1230656000
2686, 1231180800
2687, 1231705600
2688, 1232230400
2689, 1232755200
2690, 1233280000
2691, 1233804800
2692, 1234329600
2693, 1234854400
2694, 1235379200
2695, 1235904000
2696, 1236428800
2697, 1236953600
2698, 1237478400
2699, 1238003200
2700, 1238528000
2701, 1239052800
2702, 1239577600
2703, 1240102400
2704, 1240627200
2705, 1241152000
2706, 1241676800
2707, 1242201600
2708, 1242726400
2709, 1243251200
2710, 1243776000
2711, 1244300800
2712, 1244825600
2713, 1245350400
2714, 1245875200
2715, 1246400000
2716, 1246924800
2717, 1247449600
2718, 1247974400
2719, 1248499200
2720, 1249024000
2721, 1249548800
2722, 1250073600
2723, 1250598400
2724, 1251123200
2725, 1251648000
2726, 1252172800
2727, 1252697600
2728, 1253222400
2729, 1253747200
2730, 1254272000
2731, 1254796800
2732, 1255321600
2733, 1255846400
2734, 1256371200
2735, 1256896000
2736, 1257420800
2737, 1257945600
2738, 1258470400
2739, 1258995200
2740, 1259520000
2741, 1260044800
2742, 1260569600
2743, 1261094400
2744, 1261619200
2745, 1262144000
2746, 1262668800
2747, 1263193600
2748, 1263718400
2749, 1264243200
2750, 1264768000
2751, 1265292800
2752, 1265817600
2753, 1266342400
2754, 1266867200
2755, 1267392000
2756, 1267916800
2757, 1268441600
2758, 1268966400
2759, 1269491200
2760, 1270016000
2761, 1270540800
2762, 1271065600
2763, 1271590400
2764, 1272115200
2765, 1272640000
2766, 1273164800
2767, 1273689600
2768, 1274214400
2769, 1274739200
2770, 1275264000
2771, 1275788800
2772, 1276313600
2773, 1276838400
2774, 1277363200
2775, 1277888000
2776, 1278412800
2777, 1278937600
2778, 1279462400
2779, 1279987200
2780, 1280512000
2781, 1281036800
2782, 1281561600
2783, 1282086400
2784, 1282611200
2785, 1283136000
2786, 1283660800
2787, 1284185600
2788, 1284710400
2789, 1285235200
2790, 1285760000
2791, 1286284800
2792, 1286809600
2793, 1287334400
2794, 1287859200
2795, 1288384000
2796, 1288908800
2797, 1289433600
2798, 1289958400
2799, 1290483200
2800, 1291008000
2801, 1291532800
2802, 1292057600
2803, 1292582400
2804, 1293107200
2805, 1293632000
2806, 1294156800
2807, 1294681600
2808, 1295206400
2809, 1295731200
2810, 1296256000
2811, 1296780800
2812, 1297305600
2813, 1297830400
2814, 1298355200
2815, 1298880000
2816, 1299404800
2817, 1299929600
2818, 1300454400
2819, 1300979200
2820, 1301504000
2821, 1302028800
2822, 1302553600
2823, 1303078400
2824, 1303603200
2825, 1304128000
2826, 1304652800
2827, 1305177600
2828, 1305702400
2829, 1306227200
2830, 1306752000
2831, 1307276800
2832, 1307801600
2833, 1308326400
2834, 1308851200
2835, 1309376000
2836, 1309900800
2837, 1310425600
2838, 1310950400
2839, 1311475200
2840, 1312000000
2841, 1312524800
2842, 1313049600
2843, 1313574400
2844, 1314099200
2845, 1314624000
2846, 1315148800
2847, 1315673600
2848, 1316198400
2849, 1316723200
2850, 1317248000
2851, 1317772800
2852, 1318297600
2853, 1318822400
2854, 1319347200
2855, 1319872000
2856, 1320396800
2857, 1320921600
2858, 1321446400
2859, 1321971200
2860, 1322496000
2861, 1323020800
2862, 1323545600
2863, 1324070400
2864, 1324595200
2865, 1325120000
2866, 1325644800
2867, 1326169600
2868, 1326694400
2869, 1327219200
2870, 1327744000
2871, 1328268800
2872, 1328793600
2873, 1329318400
2874, 1329843200
2875, 1330368000
2876, 1330892800
2877, 1331417600
2878, 1331942400
2879, 1332467200
2880, 1332992000
2881, 1333516800
2882, 1334041600
2883, 1334566400
2884, 1335091200
2885, 1335616000
2886, 1336140800
2887, 1336665600
2888, 1337190400
2889, 1337715200
2890, 1338240000
2891, 1338764800
2892, 1339289600
2893, 1339814400
2894, 1340339200
2895, 1340864000
2896, 1341388800
2897, 1341913600
2898, 1342438400
2899, 1342963200
2900, 1343488000
2901, 1344012800
2902, 1344537600
2903, 1345062400
2904, 1345587200
2905, 1346112000
2906, 1346636800
2907, 1347161600
2908, 1347686400
2909, 1348211200
2910, 1348736000
2911, 1349260800
2912, 1349785600
2913, 1350310400
2914, 1350835200
2915, 1351360000
2916, 1351884800
2917, 1352409600
2918, 1352934400
2919, 1353459200
2920, 1353984000
2921, 1354508800
2922, 1355033600
2923, 1355558400
2924, 1356083200
2925, 1356608000
2926, 1357132800
2927, 1357657600
2928, 1358182400
2929, 1358707200
2930, 1359232000
2931, 1359756800
2932, 1360281600
2933, 1360806400
2934, 1361331200
2935, 1361856000
2936, 1362380800
2937, 1362905600
2938, 1363430400
2939, 1363955200
2940, 1364480000
2941, 1365004800
2942, 1365529600
2943, 1366054400
2944, 1366579200
2945, 1367104000
2946, 1367628800
2947, 1368153600
2948, 1368678400
2949, 1369203200
2950, 1369728000
2951, 1370252800
2952, 1370777600
2953, 1371302400
2954, 1371827200
2955, 1372352000
2956, 1372876800
2957, 1373401600
2958, 1373926400
2959, 1374451200
2960, 1374976000
2961, 1375500800
2962, 1376025600
2963, 1376550400
2964, 1377075200
2965, 1377600000
2966, 1378124800
2967, 1378649600
2968, 1379174400
2969, 1379699200
2970, 1380224000
2971, 1380748800
2972, 1381273600
2973, 1381798400
2974, 1382323200
2975, 1382848000
2976, 1383372800
2977, 1383897600
2978, 1384422400
2979, 1384947200
2980, 1385472000
2981, 1385996800
2982, 1386521600
2983, 1387046400
2984, 1387571200
2985, 1388096000
2986, 1388620800
2987, 1389145600
2988, 1389670400
2989, 1390195200
2990, 1390720000
2991, 1391244800
2992, 1391769600
2993, 1392294400
2994, 1392819200
2995, 1393344000
2996, 1393868800
2997, 1394393600
2998, 1394918400
2999, 1395443200
3000, 1395968000
3001, 1396492800
3002, 1397017600
3003, 1397542400
3004, 1398067200
3005, 1398592000
3006, 1399116800
3007, 1399641600
3008, 1400166400
3009, 1400691200
3010, 1401216000
3011, 1401740800
3012, 1402265600
3013, 1402790400
3014, 1403315200
3015, 1403840000
3016, 1404364800
3017, 1404889600
3018, 1405414400
3019, 1405939200
3020, 1406464000
3021, 1406988800
3022, 1407513600
3023, 1408038400
3024, 1408563200
3025, 1409088000
3026, 1409612800
3027, 1410137600
3028, 1410662400
3029, 1411187200
3030, 1411712000
3031, 1412236800
3032, 1412761600
3033, 1413286400
3034, 1413811200
3035, 1414336000
3036, 1414860800
3037, 1415385600
3038, 1415910400
3039, 1416435200
3040, 1416960000
3041, 1417484800
3042, 1418009600
3043, 1418534400
3044, 1419059200
3045, 1419584000
3046, 1420108800
3047, 1420633600
3048, 1421158400
3049, 1421683200
3050, 1422208000
3051, 1422732800
3052, 1423257600
3053, 1423782400
3054, 1424307200
3055, 1424832000
3056, 1425356800
3057, 1425881600
3058, 1426406400
3059, 1426931200
3060, 1427456000
3061, 1427980800
3062, 1428505600
3063, 1429030400
3064, 1429555200
3065, 1430080000
3066, 1430604800
3067, 1431129600
3068, 1431654400
3069, 1432179200
3070, 1432704000
3071, 1433228800
3072, 1433753600
3073, 1434278400
3074, 1434803200
3075, 1435328000
3076, 1435852800
3077, 1436377600
3078, 1436902400
3079, 1437427200
3080, 1437952000
3081, 1438476800
3082, 1439001600
3083, 1439526400
3084, 1440051200
3085, 1440576000
3086, 1441100800
3087, 1441625600
3088, 1442150400
3089, 1442675200
3090, 1443200000
3091, 1443724800
3092, 1444249600
3093, 1444774400
3094, 1445299200
3095, 1445824000
3096, 1446348800
3097, 1446873600
3098, 1447398400
3099, 1447923200
3100, 1448448000
3101, 1448972800
3102, 1449497600
3103, 1450022400
3104, 1450547200
3105, 1451072000
3106, 1451596800
3107, 1452121600
3108, 1452646400
3109, 1453171200
3110, 1453696000
3111, 1454220800
3112, 1454745600
3113, 1455270400
3114, 1455795200
3115, 1456320000
3116, 1456844800
3117, 1457369600
3118, 1457894400
3119, 1458419200
3120, 1458944000
3121, 1459468800
3122, 1459993600
3123, 1460518400
3124, 1461043200
3125, 1461568000
3126, 1462092800
3127, 1462617600
3128, 1463142400
3129, 1463667200
3130, 1464192000
3131, 1464716800
3132, 1465241600
3133, 1465766400
3134, 1466291200
3135, 1466816000
3136, 1467340800
3137, 1467865600
3138, 1468390400
3139, 1468915200
3140, 1469440000
3141, 1469964800
3142, 1470489600
3143, 1471014400
3144, 1471539200
3145, 1472064000
3146, 1472588800
3147, 1473113600
3148, 1473638400
3149, 1474163200
3150, 1474688000
3151, 1475212800
3152, 1475737600
3153, 1476262400
3154, 1476787200
3155, 1477312000
3156, 1477836800
3157, 1478361600
3158, 1478886400
3159, 1479411200
3160, 1479936000
3161, 1480460800
3162, 1480985600
3163, 1481510400
3164, 1482035200
3165, 1482560000
3166, 1483084800
3167, 1483609600
3168, 1484134400
3169, 1484659200
3170, 1485184000
3171, 1485708800
3172, 1486233600
3173, 1486758400
3174, 1487283200
3175, 1487808000
3176, 1488332800
3177, 1488857600
3178, 1489382400
3179, 1489907200
3180, 1490432000
3181, 1490956800
3182, 1491481600
3183, 1492006400
3184, 1492531200
3185, 1493056000
3186, 1493580800
3187, 1494105600
3188, 1494630400
3189, 1495155200
3190, 1495680000
3191, 1496204800
3192, 1496729600
3193, 1497254400
3194, 1497779200
3195, 1498304000
3196, 1498828800
3197, 1499353600
3198, 1499878400
3199, 1500403200
3200, 1500928000
3201, 1501452800
3202, 1501977600
3203, 1502502400
3204, 1503027200
3205, 1503552000
3206, 1504076800
3207, 1504601600
3208, 1505126400
3209, 1505651200
3210, 1506176000
3211, 1506700800
3212, 1507225600
3213, 1507750400
3214, 1508275200
3215, 1508800000
3216, 1509324800
3217, 1509849600
3218, 1510374400
3219, 1510899200
3220, 1511424000
3221, 1511948800
3222, 1512473600
3223, 1512998400
3224, 1513523200
3225, 1514048000
3226, 1514572800
3227, 1515097600
3228, 1515622400
3229, 1516147200
3230, 1516672000
3231, 1517196800
3232, 1517721600
3233, 1518246400
3234, 1518771200
3235, 1519296000
3236, 1519820800
3237, 1520345600
3238, 1520870400
3239, 1521395200
3240, 1521920000
3241, 1522444800
3242, 1522969600
3243, 1523494400
3244, 1524019200
3245, 1524544000
3246, 1525068800
3247, 1525593600
3248, 1526118400
3249, 1526643200
3250, 1527168000
3251, 1527692800
3252, 1528217600
3253, 1528742400
3254, 1529267200
3255, 1529792000
3256, 1530316800
3257, 1530841600
3258, 1531366400
3259, 1531891200
3260, 1532416000
3261, 1532940800
3262, 1533465600
3263, 1533990400
3264, 1534515200
3265, 1535040000
3266, 1535564800
3267, 1536089600
3268, 1536614400
3269, 1537139200
3270, 1537664000
3271, 1538188800
3272, 1538713600
3273, 1539238400
3274, 1539763200
3275, 1540288000
3276, 1540812800
3277, 1541337600
3278, 1541862400
3279, 1542387200
3280, 1542912000
3281, 1543436800
3282, 1543961600
3283, 1544486400
3284, 1545011200
3285, 1545536000
3286, 1546060800
3287, 1546585600
3288, 1547110400
3289, 1547635200
3290, 1548160000
3291, 1548684800
3292, 1549209600
3293, 1549734400
3294, 1550259200
3295, 1550784000
3296, 1551308800
3297, 1551833600
3298, 1552358400
3299, 1552883200
3300, 1553408000
3301, 1553932800
3302, 1554457600
3303, 1554982400
3304, 1555507200
3305, 1556032000
3306, 1556556800
3307, 1557081600
3308, 1557606400
3309, 1558131200
3310, 1558656000
3311, 1559180800
3312, 1559705600
3313, 1560230400
3314, 1560755200
3315, 1561280000
3316, 1561804800
3317, 1562329600
3318, 1562854400
3319, 1563379200
3320, 1563904000
3321, 1564428800
3322, 1564953600
3323, 1565478400
3324, 1566003200
3325, 1566528000
3326, 1567052800
3327, 1567577600
3328, 1568102400
3329, 1568627200
3330, 1569152000
3331, 1569676800
3332, 1570201600
3333, 1570726400
3334, 1571251200
3335, 1571776000
3336, 1572300800
3337, 1572825600
3338, 1573350400
3339, 1573875200
3340, 1574400000
3341, 1574924800
3342, 1575449600
3343, 1575974400
3344, 1576499200
3345, 1577024000
3346, 1577548800
3347, 1578073600
3348, 1578598400
3349, 1579123200
3350, 1579648000
3351, 1580172800
3352, 1580697600
3353, 1581222400
3354, 1581747200
3355, 1582272000
3356, 1582796800
3357, 1583321600
3358, 1583846400
3359, 1584371200
3360, 1584896000
3361, 1585420800
3362, 1585945600
3363, 1586470400
3364, 1586995200
3365, 1587520000
3366, 1588044800
3367, 1588569600
3368, 1589094400
3369, 1589619200
3370, 1590144000
3371, 1590668800
3372, 1591193600
3373, 1591718400
3374, 1592243200
3375, 1592768000
3376, 1593292800
3377, 1593817600
3378, 1594342400
3379, 1594867200
3380, 1595392000
3381, 1595916800
3382, 1596441600
3383, 1596966400
3384, 1597491200
3385, 1598016000
3386, 1598540800
3387, 1599065600
3388, 1599590400
3389, 1600115200
3390, 1600640000
3391, 1601164800
3392, 1601689600
3393, 1602214400
3394, 1602739200
3395, 1603264000
3396, 1603788800
3397, 1604313600
3398, 1604838400
3399, 1605363200
3400, 1605888000
3401, 1606412800
3402, 1606937600
3403, 1607462400
3404, 1607987200
3405, 1608512000
3406, 1609036800
3407, 1609561600
3408, 1610086400
3409, 1610611200
3410, 1611136000
3411, 1611660800
3412, 1612185600
3413, 1612710400
3414, 1613235200
3415, 1613760000
3416, 1614284800
3417, 1614809600
3418, 1615334400
3419, 1615859200
3420, 1616384000
3421, 1616908800
3422, 1617433600
3423, 1617958400
3424, 1618483200
3425, 1619008000
3426, 1619532800
3427, 1620057600
3428, 1620582400
3429, 1621107200
3430, 1621632000
3431, 1622156800
3432, 1622681600
3433, 1623206400
3434, 1623731200
3435, 1624256000
3436, 1624780800
3437, 1625305600
3438, 1625830400
3439, 1626355200
3440, 1626880000
3441, 1627404800
3442, 1627929600
3443, 1628454400
3444, 1628979200
3445, 1629504000
3446, 1630028800
3447, 1630553600
3448, 1631078400
3449, 1631603200
3450, 1632128000
3451, 1632652800
3452, 1633177600
3453, 1633702400
3454, 1634227200
3455, 1634752000
3456, 1635276800
3457, 1635801600
3458, 1636326400
3459, 1636851200
3460, 1637376000
3461, 1637900800
3462, 1638425600
3463, 1638950400
3464, 1639475200
3465, 1640000000
3466, 1640524800
3467, 1641049600
3468, 1641574400
3469, 1642099200
3470, 1642624000
3471, 1643148800
3472, 1643673600
3473, 1644198400
3474, 1644723200
3475, 1645248000
3476, 1645772800
3477, 1646297600
3478, 1646822400
3479, 1647347200
3480, 1647872000
3481, 1648396800
3482, 1648921600
3483, 1649446400
3484, 1649971200
3485, 1650496000
3486, 1651020800
3487, 1651545600
3488, 1652070400
3489, 1652595200
3490, 1653120000
3491, 1653644800
3492, 1654169600
3493, 1654694400
3494, 1655219200
3495, 1655744000
3496, 1656268800
3497, 1656793600
3498, 1657318400
3499, 1657843200
3500, 1658368000
3501, 1658892800
3502, 1659417600
3503, 1659942400
3504, 1660467200
3505, 1660992000
3506, 1661516800
3507, 1662041600
3508, 1662566400
3509, 1663091200
3510, 1663616000
3511, 1664140800
3512, 1664665600
3513, 1665190400
3514, 1665715200
3515, 1666240000
3516, 1666764800
3517, 1667289600
3518, 1667814400
3519, 1668339200
3520, 1668864000
3521, 1669388800
3522, 1669913600
3523, 1670438400
3524, 1670963200
3525, 1671488000
3526, 1672012800
3527, 1672537600
3528, 1673062400
3529, 1673587200
3530, 1674112000
3531, 1674636800
3532, 1675161600
3533, 1675686400
3534, 1676211200
3535, 1676736000
3536, 1677260800
3537, 1677785600
3538, 1678310400
3539, 1678835200
3540, 1679360000
3541, 1679884800
3542, 1680409600
3543, 1680934400
3544, 1681459200
3545, 1681984000
3546, 1682508800
3547, 1683033600
3548, 1683558400
3549, 1684083200
3550, 1684608000
3551, 1685132800
3552, 1685657600
3553, 1686182400
3554, 1686707200
3555, 1687232000
3556, 1687756800
3557, 1688281600
3558, 1688806400
3559, 1689331200
3560, 1689856000
3561, 1690380800
3562, 1690905600
3563, 1691430400
3564, 1691955200
3565, 1692480000
3566, 1693004800
3567, 1693529600
3568, 1694054400
3569, 1694579200
3570, 1695104000
3571, 1695628800
3572, 1696153600
3573, 1696678400
3574, 1697203200
3575, 1697728000
3576, 1698252800
3577, 1698777600
3578, 1699302400
3579, 1699827200
3580, 1700352000
3581, 1700876800
3582, 1701401600
3583, 1701926400
3584, 1702451200
3585, 1702976000
3586, 1703500800
3587, 1704025600
3588, 1704550400
3589, 1705075200
3590, 1705600000
3591, 1706124800
3592, 1706649600
3593, 1707174400
3594, 1707699200
3595, 1708224000
3596, 1708748800
3597, 1709273600
3598, 1709798400
3599, 1710323200
3600, 1710848000
3601, 1711372800
3602, 1711897600
3603, 1712422400
3604, 1712947200
3605, 1713472000
3606, 1713996800
3607, 1714521600
3608, 1715046400
3609, 1715571200
3610, 1716096000
3611, 1716620800
3612, 1717145600
3613, 1717670400
3614, 1718195200
3615, 1718720000
3616, 1719244800
3617, 1719769600
3618, 1720294400
3619, 1720819200
3620, 1721344000
3621, 1721868800
3622, 1722393600
3623, 1722918400
3624, 1723443200
3625, 1723968000
3626, 1724492800
3627, 1725017600
3628, 1725542400
3629, 1726067200
3630, 1726592000
3631, 1727116800
3632, 1727641600
3633, 1728166400
3634, 1728691200
3635, 1729216000
3636, 1729740800
3637, 1730265600
3638, 1730790400
3639, 1731315200
3640, 1731840000
3641, 1732364800
3642, 1732889600
3643, 1733414400
3644, 1733939200
3645, 1734464000
3646, 1734988800
3647, 1735513600
3648, 1736038400
3649, 1736563200
3650, 1737088000
3651, 1737612800
3652, 1738137600
3653, 1738662400
3654, 1739187200
3655, 1739712000
3656, 1740236800
3657, 1740761600
3658, 1741286400
3659, 1741811200
3660, 1742336000
3661, 1742860800
3662, 1743385600
3663, 1743910400
3664, 1744435200
3665, 1744960000
3666, 1745484800
3667, 1746009600
3668, 1746534400
3669, 1747059200
3670, 1747584000
3671, 1748108800
3672, 1748633600
3673, 1749158400
3674, 1749683200
3675, 1750208000
3676, 1750732800
3677, 1751257600
3678, 1751782400
3679, 1752307200
3680, 1752832000
3681, 1753356800
3682, 1753881600
3683, 1754406400
3684, 1754931200
3685, 1755456000
3686, 1755980800
3687, 1756505600
3688, 1757030400
3689, 1757555200
3690, 1758080000
3691, 1758604800
3692, 1759129600
3693, 1759654400
3694, 1760179200
3695, 1760704000
3696, 1761228800
3697, 1761753600
3698, 1762278400
3699, 1762803200
3700, 1763328000
3701, 1763852800
3702, 1764377600
3703, 1764902400
3704, 1765427200
3705, 1765952000
3706, 1766476800
3707, 1767001600
3708, 1767526400
3709, 1768051200
3710, 1768576000
3711, 1769100800
3712, 1769625600
3713, 1770150400
3714, 1770675200
3715, 1771200000
3716, 1771724800
3717, 1772249600
3718, 1772774400
3719, 1773299200
3720, 1773824000
3721, 1774348800
3722, 1774873600
3723, 1775398400
3724, 1775923200
3725, 1776448000
3726, 1776972800
3727, 1777497600
3728, 1778022400
3729, 1778547200
3730, 1779072000
3731, 1779596800
3732, 1780121600
3733, 1780646400
3734, 1781171200
3735, 1781696000
3736, 1782220800
3737, 1782745600
3738, 1783270400
3739, 1783795200
3740, 1784320000
3741, 1784844800
3742, 1785369600
3743, 1785894400
3744, 1786419200
3745, 1786944000
3746, 1787468800
3747, 1787993600
3748, 1788518400
3749, 1789043200
3750, 1789568000
3751, 1790092800
3752, 1790617600
3753, 1791142400
3754, 1791667200
3755, 1792192000
3756, 1792716800
3757, 1793241600
3758, 1793766400
3759, 1794291200
3760, 1794816000
3761, 1795340800
3762, 1795865600
3763, 1796390400
3764, 1796915200
3765, 1797440000
3766, 1797964800
3767, 1798489600
3768, 1799014400
3769, 1799539200
3770, 1800064000
3771, 1800588800
3772, 1801113600
3773, 1801638400
3774, 1802163200
3775, 1802688000
3776, 1803212800
3777, 1803737600
3778, 1804262400
3779, 1804787200
3780, 1805312000
3781, 1805836800
3782, 1806361600
3783, 1806886400
3784, 1807411200
3785, 1807936000
3786, 1808460800
3787, 1808985600
3788, 1809510400
3789, 1810035200
3790, 1810560000
3791, 1811084800
3792, 1811609600
3793, 1812134400
3794, 1812659200
3795, 1813184000
3796, 1813708800
3797, 1814233600
3798, 1814758400
3799, 1815283200
3800, 1815808000
3801, 1816332800
3802, 1816857600
3803, 1817382400
3804, 1817907200
3805, 1818432000
3806, 1818956800
3807, 1819481600
3808, 1820006400
3809, 1820531200
3810, 1821056000
3811, 1821580800
3812, 1822105600
3813, 1822630400
3814, 1823155200
3815, 1823680000
3816, 1824204800
3817, 1824729600
3818, 1825254400
3819, 1825779200
3820, 1826304000
3821, 1826828800
3822, 1827353600
3823, 1827878400
3824, 1828403200
3825, 1828928000
3826, 1829452800
3827, 1829977600
3828, 1830502400
3829, 1831027200
3830, 1831552000
3831, 1832076800
3832, 1832601600
3833, 1833126400
3834, 1833651200
3835, 1834176000
3836, 1834700800
3837, 1835225600
3838, 1835750400
3839, 1836275200
3840, 1836800000
3841, 1837324800
3842, 1837849600
3843, 1838374400
3844, 1838899200
3845, 1839424000
3846, 1839948800
3847, 1840473600
3848, 1840998400
3849, 1841523200
3850, 1842048000
3851, 1842572800
3852, 1843097600
3853, 1843622400
3854, 1844147200
3855, 1844672000
3856, 1845196800
3857, 1845721600
3858, 1846246400
3859, 1846771200
3860, 1847296000
3861, 1847820800
3862, 1848345600
3863, 1848870400
3864, 1849395200
3865, 1849920000
3866, 1850444800
3867, 1850969600
3868, 1851494400
3869, 1852019200
3870, 1852544000
3871, 1853068800
3872, 1853593600
3873, 1854118400
3874, 1854643200
3875, 1855168000
3876, 1855692800
3877, 1856217600
3878, 1856742400
3879, 1857267200
3880, 1857792000
3881, 1858316800
3882, 1858841600
3883, 1859366400
3884, 1859891200
3885, 1860416000
3886, 1860940800
3887, 1861465600
3888, 1861990400
3889, 1862515200
3890, 1863040000
3891, 1863564800
3892, 1864089600
3893, 1864614400
3894, 1865139200
3895, 1865664000
3896, 1866188800
3897, 1866713600
3898, 1867238400
3899, 1867763200
3900, 1868288000
3901, 1868812800
3902, 1869337600
3903, 1869862400
3904, 1870387200
3905, 1870912000
3906, 1871436800
3907, 1871961600
3908, 1872486400
3909, 1873011200
3910, 1873536000
3911, 1874060800
3912, 1874585600
3913, 1875110400
3914, 1875635200
3915, 1876160000
3916, 1876684800
3917, 1877209600
3918, 1877734400
3919, 1878259200
3920, 1878784000
3921, 1879308800
3922, 1879833600
3923, 1880358400
3924, 1880883200
3925, 1881408000
3926, 1881932800
3927, 1882457600
3928, 1882982400
3929, 1883507200
3930, 1884032000
3931, 1884556800
3932, 1885081600
3933, 1885606400
3934, 1886131200
3935, 1886656000
3936, 1887180800
3937, 1887705600
3938, 1888230400
3939, 1888755200
3940, 1889280000
3941, 1889804800
3942, 1890329600
3943, 1890854400
3944, 1891379200
3945, 1891904000
3946, 1892428800
3947, 1892953600
3948, 1893478400
3949, 1894003200
3950, 1894528000
3951, 1895052800
3952, 1895577600
3953, 1896102400
3954, 1896627200
3955, 1897152000
3956, 1897676800
3957, 1898201600
3958, 1898726400
3959, 1899251200
3960, 1899776000
3961, 1900300800
3962, 1900825600
3963, 1901350400
3964, 1901875200
3965, 1902400000
3966, 1902924800
3967, 1903449600
3968, 1903974400
3969, 1904499200
3970, 1905024000
3971, 1905548800
3972, 1906073600
3973, 1906598400
3974, 1907123200
3975, 1907648000
3976, 1908172800
3977, 1908697600
3978, 1909222400
3979, 1909747200
3980, 1910272000
3981, 1910796800
3982, 1911321600
3983, 1911846400
3984, 1912371200
3985, 1912896000
3986, 1913420800
3987, 1913945600
3988, 1914470400
3989, 1914995200
3990, 1915520000
3991, 1916044800
3992, 1916569600
3993, 1917094400
3994, 1917619200
3995, 1918144000
3996, 1918668800
3997, 1919193600
3998, 1919718400
3999, 1920243200
4000, 1920768000
4001, 1921292800
4002, 1921817600
4003, 1922342400
4004, 1922867200
4005, 1923392000
4006, 1923916800
4007, 1924441600
4008, 1924966400
4009, 1925491200
4010, 1926016000
4011, 1926540800
4012, 1927065600
4013, 1927590400
4014, 1928115200
4015, 1928640000
4016, 1929164800
4017, 1929689600
4018, 1930214400
4019, 1930739200
4020, 1931264000
4021, 1931788800
4022, 1932313600
4023, 1932838400
4024, 1933363200
4025, 1933888000
4026, 1934412800
4027, 1934937600
4028, 1935462400
4029, 1935987200
4030, 1936512000
4031, 1937036800
4032, 1937561600
4033, 1938086400
4034, 1938611200
4035, 1939136000
4036, 1939660800
4037, 1940185600
4038, 1940710400
4039, 1941235200
4040, 1941760000
4041, 1942284800
4042, 1942809600
4043, 1943334400
4044, 1943859200
4045, 1944384000
4046, 1944908800
4047, 1945433600
4048, 1945958400
4049, 1946483200
4050, 1947008000
4051, 1947532800
4052, 1948057600
4053, 1948582400
4054, 1949107200
4055, 1949632000
4056, 1950156800
4057, 1950681600
4058, 1951206400
4059, 1951731200
4060, 1952256000
4061, 1952780800
4062, 1953305600
4063, 1953830400
4064, 1954355200
4065, 1954880000
4066, 1955404800
4067, 1955929600
4068, 1956454400
4069, 1956979200
4070, 1957504000
4071, 1958028800
4072, 1958553600
4073, 1959078400
4074, 1959603200
4075, 1960128000
4076, 1960652800
4077, 1961177600
4078, 1961702400
4079, 1962227200
4080, 1962752000
4081, 1963276800
4082, 1963801600
4083, 1964326400
4084, 1964851200
4085, 1965376000
4086, 1965900800
4087, 1966425600
4088, 1966950400
4089, 1967475200
4090, 1968000000
4091, 1968524800
4092, 1969049600
4093, 1969574400
4094, 1970099200
4095, 1970624000
4096, 1966953472
4097, 1963286017
4098, 1959621636
4099, 1955960330
4100, 1952302100
4101, 1948646947
4102, 1944994872
4103, 1941345876
4104, 1937699960
4105, 1934057125
4106, 1930417372
4107, 1926780702
4108, 1923147116
4109, 1919516615
4110, 1915889200
4111, 1912264872
4112, 1908643632
4113, 1905025481
4114, 1901410420
4115, 1897798450
4116, 1894189572
4117, 1890583787
4118, 1886981096
4119, 1883381500
4120, 1879785000
4121, 1876191597
4122, 1872601292
4123, 1869014086
4124, 1865429980
4125, 1861848975
4126, 1858271072
4127, 1854696272
4128, 1851124576
4129, 1847555985
4130, 1843990500
4131, 1840428122
4132, 1836868852
4133, 1833312691
4134, 1829759640
4135, 1826209700
4136, 1822662872
4137, 1819119157
4138, 1815578556
4139, 1812041070
4140, 1808506700
4141, 1804975447
4142, 1801447312
4143, 1797922296
4144, 1794400400
4145, 1790881625
4146, 1787365972
4147, 1783853442
4148, 1780344036
4149, 1776837755
4150, 1773334600
4151, 1769834572
4152, 1766337672
4153, 1762843901
4154, 1759353260
4155, 1755865750
4156, 1752381372
4157, 1748900127
4158, 1745422016
4159, 1741947040
4160, 1738475200
4161, 1735006497
4162, 1731540932
4163, 1728078506
4164, 1724619220
4165, 1721163075
4166, 1717710072
4167, 1714260212
4168, 1710813496
4169, 1707369925
4170, 1703929500
4171, 1700492222
4172, 1697058092
4173, 1693627111
4174, 1690199280
4175, 1686774600
4176, 1683353072
4177, 1679934697
4178, 1676519476
4179, 1673107410
4180, 1669698500
4181, 1666292747
4182, 1662890152
4183, 1659490716
4184, 1656094440
4185, 1652701325
4186, 1649311372
4187, 1645924582
4188, 1642540956
4189, 1639160495
4190, 1635783200
4191, 1632409072
4192, 1629038112
4193, 1625670321
4194, 1622305700
4195, 1618944250
4196, 1615585972
4197, 1612230867
4198, 1608878936
4199, 1605530180
4200, 1602184600
4201, 1598842197
4202, 1595502972
4203, 1592166926
4204, 1588834060
4205, 1585504375
4206, 1582177872
4207, 1578854552
4208, 1575534416
4209, 1572217465
4210, 1568903700
4211, 1565593122
4212, 1562285732
4213, 1558981531
4214, 1555680520
4215, 1552382700
4216, 1549088072
4217, 1545796637
4218, 1542508396
4219, 1539223350
4220, 1535941500
4221, 1532662847
4222, 1529387392
4223, 1526115136
4224, 1522846080
4225, 1519580225
4226, 1516317572
4227, 1513058122
4228, 1509801876
4229, 1506548835
4230, 1503299000
4231, 1500052372
4232, 1496808952
4233, 1493568741
4234, 1490331740
4235, 1487097950
4236, 1483867372
4237, 1480640007
4238, 1477415856
4239, 1474194920
4240, 1470977200
4241, 1467762697
4242, 1464551412
4243, 1461343346
4244, 1458138500
4245, 1454936875
4246, 1451738472
4247, 1448543292
4248, 1445351336
4249, 1442162605
4250, 1438977100
4251, 1435794822
4252, 1432615772
4253, 1429439951
4254, 1426267360
4255, 1423098000
4256, 1419931872
4257, 1416768977
4258, 1413609316
4259, 1410452890
4260, 1407299700
4261, 1404149747
4262, 1401003032
4263, 1397859556
4264, 1394719320
4265, 1391582325
4266, 1388448572
4267, 1385318062
4268, 1382190796
4269, 1379066775
4270, 1375946000
4271, 1372828472
4272, 1369714192
4273, 1366603161
4274, 1363495380
4275, 1360390850
4276, 1357289572
4277, 1354191547
4278, 1351096776
4279, 1348005260
4280, 1344917000
4281, 1341831997
4282, 1338750252
4283, 1335671766
4284, 1332596540
4285, 1329524575
4286, 1326455872
4287, 1323390432
4288, 1320328256
4289, 1317269345
4290, 1314213700
4291, 1311161322
4292, 1308112212
4293, 1305066371
4294, 1302023800
4295, 1298984500
4296, 1295948472
4297, 1292915717
4298, 1289886236
4299, 1286860030
4300, 1283837100
4301, 1280817447
4302, 1277801072
4303, 1274787976
4304, 1271778160
4305, 1268771625
4306, 1265768372
4307, 1262768402
4308, 1259771716
4309, 1256778315
4310, 1253788200
4311, 1250801372
4312, 1247817832
4313, 1244837581
4314, 1241860620
4315, 1238886950
4316, 1235916572
4317, 1232949487
4318, 1229985696
4319, 1227025200
4320, 1224068000
4321, 1221114097
4322, 1218163492
4323, 1215216186
4324, 1212272180
4325, 1209331475
4326, 1206394072
4327, 1203459972
4328, 1200529176
4329, 1197601685
4330, 1194677500
4331, 1191756622
4332, 1188839052
4333, 1185924791
4334, 1183013840
4335, 1180106200
4336, 1177201872
4337, 1174300857
4338, 1171403156
4339, 1168508770
4340, 1165617700
4341, 1162729947
4342, 1159845512
4343, 1156964396
4344, 1154086600
4345, 1151212125
4346, 1148340972
4347, 1145473142
4348, 1142608636
4349, 1139747455
4350, 1136889600
4351, 1134035072
4352, 1131183872
4353, 1128336001
4354, 1125491460
4355, 1122650250
4356, 1119812372
4357, 1116977827
4358, 1114146616
4359, 1111318740
4360, 1108494200
4361, 1105672997
4362, 1102855132
4363, 1100040606
4364, 1097229420
4365, 1094421575
4366, 1091617072
4367, 1088815912
4368, 1086018096
4369, 1083223625
4370, 1080432500
4371, 1077644722
4372, 1074860292
4373, 1072079211
4374, 1069301480
4375, 1066527100
4376, 1063756072
4377, 1060988397
4378, 1058224076
4379, 1055463110
4380, 1052705500
4381, 1049951247
4382, 1047200352
4383, 1044452816
4384, 1041708640
4385, 1038967825
4386, 1036230372
4387, 1033496282
4388, 1030765556
4389, 1028038195
4390, 1025314200
4391, 1022593572
4392, 1019876312
4393, 1017162421
4394, 1014451900
4395, 1011744750
4396, 1009040972
4397, 1006340567
4398, 1003643536
4399, 1000949880
4400, 998259600
4401, 995572697
4402, 992889172
4403, 990209026
4404, 987532260
4405, 984858875
4406, 982188872
4407, 979522252
4408, 976859016
4409, 974199165
4410, 971542700
4411, 968889622
4412, 966239932
4413, 963593631
4414, 960950720
4415, 958311200
4416, 955675072
4417, 953042337
4418, 950412996
4419, 947787050
4420, 945164500
4421, 942545347
4422, 939929592
4423, 937317236
4424, 934708280
4425, 932102725
4426, 929500572
4427, 926901822
4428, 924306476
4429, 921714535
4430, 919126000
4431, 916540872
4432, 913959152
4433, 911380841
4434, 908805940
4435, 906234450
4436, 903666372
4437, 901101707
4438, 898540456
4439, 895982620
4440, 893428200
4441, 890877197
4442, 888329612
4443, 885785446
4444, 883244700
4445, 880707375
4446, 878173472
4447, 875642992
4448, 873115936
4449, 870592305
4450, 868072100
4451, 865555322
4452, 863041972
4453, 860532051
4454, 858025560
4455, 855522500
4456, 853022872
4457, 850526677
4458, 848033916
4459, 845544590
4460, 843058700
4461, 840576247
4462, 838097232
4463, 835621656
4464, 833149520
4465, 830680825
4466, 828215572
4467, 825753762
4468, 823295396
4469, 820840475
4470, 818389000
4471, 815940972
4472, 813496392
4473, 811055261
4474, 808617580
4475, 806183350
4476, 803752572
4477, 801325247
4478, 798901376
4479, 796480960
4480, 794064000
4481, 791650497
4482, 789240452
4483, 786833866
4484, 784430740
4485, 782031075
4486, 779634872
4487, 777242132
4488, 774852856
4489, 772467045
4490, 770084700
4491, 767705822
4492, 765330412
4493, 762958471
4494, 760590000
4495, 758225000
4496, 755863472
4497, 753505417
4498, 751150836
4499, 748799730
4500, 746452100
4501, 744107947
4502, 741767272
4503, 739430076
4504, 737096360
4505, 734766125
4506, 732439372
4507, 730116102
4508, 727796316
4509, 725480015
4510, 723167200
4511, 720857872
4512, 718552032
4513, 716249681
4514, 713950820
4515, 711655450
4516, 709363572
4517, 707075187
4518, 704790296
4519, 702508900
4520, 700231000
4521, 697956597
4522, 695685692
4523, 693418286
4524, 691154380
4525, 688893975
4526, 686637072
4527, 684383672
4528, 682133776
4529, 679887385
4530, 677644500
4531, 675405122
4532, 673169252
4533, 670936891
4534, 668708040
4535, 666482700
4536, 664260872
4537, 662042557
4538, 659827756
4539, 657616470
4540, 655408700
4541, 653204447
4542, 651003712
4543, 648806496
4544, 646612800
4545, 644422625
4546, 642235972
4547, 640052842
4548, 637873236
4549, 635697155
4550, 633524600
4551, 631355572
4552, 629190072
4553, 627028101
4554, 624869660
4555, 622714750
4556, 620563372
4557, 618415527
4558, 616271216
4559, 614130440
4560, 611993200
4561, 609859497
4562, 607729332
4563, 605602706
4564, 603479620
4565, 601360075
4566, 599244072
4567, 597131612
4568, 595022696
4569, 592917325
4570, 590815500
4571, 588717222
4572, 586622492
4573, 584531311
4574, 582443680
4575, 580359600
4576, 578279072
4577, 576202097
4578, 574128676
4579, 572058810
4580, 569992500
4581, 567929747
4582, 565870552
4583, 563814916
4584, 561762840
4585, 559714325
4586, 557669372
4587, 555627982
4588, 553590156
4589, 551555895
4590, 549525200
4591, 547498072
4592, 545474512
4593, 543454521
4594, 541438100
4595, 539425250
4596, 537415972
4597, 535410267
4598, 533408136
4599, 531409580
4600, 529414600
4601, 527423197
4602, 525435372
4603, 523451126
4604, 521470460
4605, 519493375
4606, 517519872
4607, 515549952
4608, 513583616
4609, 511620865
4610, 509661700
4611, 507706122
4612, 505754132
4613, 503805731
4614, 501860920
4615, 499919700
4616, 497982072
4617, 496048037
4618, 494117596
4619, 492190750
4620, 490267500
4621, 488347847
4622, 486431792
4623, 484519336
4624, 482610480
4625, 480705225
4626, 478803572
4627, 476905522
4628, 475011076
4629, 473120235
4630, 471233000
4631, 469349372
4632, 467469352
4633, 465592941
4634, 463720140
4635, 461850950
4636, 459985372
4637, 458123407
4638, 456265056
4639, 454410320
4640, 452559200
4641, 450711697
4642, 448867812
4643, 447027546
4644, 445190900
4645, 443357875
4646, 441528472
4647, 439702692
4648, 437880536
4649, 436062005
4650, 434247100
4651, 432435822
4652, 430628172
4653, 428824151
4654, 427023760
4655, 425227000
4656, 423433872
4657, 421644377
4658, 419858516
4659, 418076290
4660, 416297700
4661, 414522747
4662, 412751432
4663, 410983756
4664, 409219720
4665, 407459325
4666, 405702572
4667, 403949462
4668, 402199996
4669, 400454175
4670, 398712000
4671, 396973472
4672, 395238592
4673, 393507361
4674, 391779780
4675, 390055850
4676, 388335572
4677, 386618947
4678, 384905976
4679, 383196660
4680, 381491000
4681, 379788997
4682, 378090652
4683, 376395966
4684, 374704940
4685, 373017575
4686, 371333872
4687, 369653832
4688, 367977456
4689, 366304745
4690, 364635700
4691, 362970322
4692, 361308612
4693, 359650571
4694, 357996200
4695, 356345500
4696, 354698472
4697, 353055117
4698, 351415436
4699, 349779430
4700, 348147100
4701, 346518447
4702, 344893472
4703, 343272176
4704, 341654560
4705, 340040625
4706, 338430372
4707, 336823802
4708, 335220916
4709, 333621715
4710, 332026200
4711, 330434372
4712, 328846232
4713, 327261781
4714, 325681020
4715, 324103950
4716, 322530572
4717, 320960887
4718, 319394896
4719, 317832600
4720, 316274000
4721, 314719097
4722, 313167892
4723, 311620386
4724, 310076580
4725, 308536475
4726, 307000072
4727, 305467372
4728, 303938376
4729, 302413085
4730, 300891500
4731, 299373622
4732, 297859452
4733, 296348991
4734, 294842240
4735, 293339200
4736, 291839872
4737, 290344257
4738, 288852356
4739, 287364170
4740, 285879700
4741, 284398947
4742, 282921912
4743, 281448596
4744, 279979000
4745, 278513125
4746, 277050972
4747, 275592542
4748, 274137836
4749, 272686855
4750, 271239600
4751, 269796072
4752, 268356272
4753, 266920201
4754, 265487860
4755, 264059250
4756, 262634372
4757, 261213227
4758, 259795816
4759, 258382140
4760, 256972200
4761, 255565997
4762, 254163532
4763, 252764806
4764, 251369820
4765, 249978575
4766, 248591072
4767, 247207312
4768, 245827296
4769, 244451025
4770, 243078500
4771, 241709722
4772, 240344692
4773, 238983411
4774, 237625880
4775, 236272100
4776, 234922072
4777, 233575797
4778, 232233276
4779, 230894510
4780, 229559500
4781, 228228247
4782, 226900752
4783, 225577016
4784, 224257040
4785, 222940825
4786, 221628372
4787, 220319682
4788, 219014756
4789, 217713595
4790, 216416200
4791, 215122572
4792, 213832712
4793, 212546621
4794, 211264300
4795, 209985750
4796, 208710972
4797, 207439967
4798, 206172736
4799, 204909280
4800, 203649600
4801, 202393697
4802, 201141572
4803, 199893226
4804, 198648660
4805, 197407875
4806, 196170872
4807, 194937652
4808, 193708216
4809, 192482565
4810, 191260700
4811, 190042622
4812, 188828332
4813, 187617831
4814, 186411120
4815, 185208200
4816, 184009072
4817, 182813737
4818, 181622196
4819, 180434450
4820, 179250500
4821, 178070347
4822, 176893992
4823, 175721436
4824, 174552680
4825, 173387725
4826, 172226572
4827, 171069222
4828, 169915676
4829, 168765935
4830, 167620000
4831, 166477872
4832, 165339552
4833, 164205041
4834, 163074340
4835, 161947450
4836, 160824372
4837, 159705107
4838, 158589656
4839, 157478020
4840, 156370200
4841, 155266197
4842, 154166012
4843, 153069646
4844, 151977100
4845, 150888375
4846, 149803472
4847, 148722392
4848, 147645136
4849, 146571705
4850, 145502100
4851, 144436322
4852, 143374372
4853, 142316251
4854, 141261960
4855, 140211500
4856, 139164872
4857, 138122077
4858, 137083116
4859, 136047990
4860, 135016700
4861, 133989247
4862, 132965632
4863, 131945856
4864, 130929920
4865, 129917825
4866, 128909572
4867, 127905162
4868, 126904596
4869, 125907875
4870, 124915000
4871, 123925972
4872, 122940792
4873, 121959461
4874, 120981980
4875, 120008350
4876, 119038572
4877, 118072647
4878, 117110576
4879, 116152360
4880, 115198000
4881, 114247497
4882, 113300852
4883, 112358066
4884, 111419140
4885, 110484075
4886, 109552872
4887, 108625532
4888, 107702056
4889, 106782445
4890, 105866700
4891, 104954822
4892, 104046812
4893, 103142671
4894, 102242400
4895, 101346000
4896, 100453472
4897, 99564817
4898, 98680036
4899, 97799130
4900, 96922100
4901, 96048947
4902, 95179672
4903, 94314276
4904, 93452760
4905, 92595125
4906, 91741372
4907, 90891502
4908, 90045516
4909, 89203415
4910, 88365200
4911, 87530872
4912, 86700432
4913, 85873881
4914, 85051220
4915, 84232450
4916, 83417572
4917, 82606587
4918, 81799496
4919, 80996300
4920, 80197000
4921, 79401597
4922, 78610092
4923, 77822486
4924, 77038780
4925, 76258975
4926, 75483072
4927, 74711072
4928, 73942976
4929, 73178785
4930, 72418500
4931, 71662122
4932, 70909652
4933, 70161091
4934, 69416440
4935, 68675700
4936, 67938872
4937, 67205957
4938, 66476956
4939, 65751870
4940, 65030700
4941, 64313447
4942, 63600112
4943, 62890696
4944, 62185200
4945, 61483625
4946, 60785972
4947, 60092242
4948, 59402436
4949, 58716555
4950, 58034600
4951, 57356572
4952, 56682472
4953, 56012301
4954, 55346060
4955, 54683750
4956, 54025372
4957, 53370927
4958, 52720416
4959, 52073840
4960, 51431200
4961, 50792497
4962, 50157732
4963, 49526906
4964, 48900020
4965, 48277075
4966, 47658072
4967, 47043012
4968, 46431896
4969, 45824725
4970, 45221500
4971, 44622222
4972, 44026892
4973, 43435511
4974, 42848080
4975, 42264600
4976, 41685072
4977, 41109497
4978, 40537876
4979, 39970210
4980, 39406500
4981, 38846747
4982, 38290952
4983, 37739116
4984, 37191240
4985, 36647325
4986, 36107372
4987, 35571382
4988, 35039356
4989, 34511295
4990, 33987200
4991, 33467072
4992, 32950912
4993, 32438721
4994, 31930500
4995, 31426250
4996, 30925972
4997, 30429667
4998, 29937336
4999, 29448980
5000, 28964600
5001, 28484197
5002, 28007772
5003, 27535326
5004, 27066860
5005, 26602375
5006, 26141872
5007, 25685352
5008, 25232816
5009, 24784265
5010, 24339700
5011, 23899122
5012, 23462532
5013, 23029931
5014, 22601320
5015, 22176700
5016, 21756072
5017, 21339437
5018, 20926796
5019, 20518150
5020, 20113500
5021, 19712847
5022, 19316192
5023, 18923536
5024, 18534880
5025, 18150225
5026, 17769572
5027, 17392922
5028, 17020276
5029, 16651635
5030, 16287000
5031, 15926372
5032, 15569752
5033, 15217141
5034, 14868540
5035, 14523950
5036, 14183372
5037, 13846807
5038, 13514256
5039, 13185720
5040, 12861200
5041, 12540697
5042, 12224212
5043, 11911746
5044, 11603300
5045, 11298875
5046, 10998472
5047, 10702092
5048, 10409736
5049, 10121405
5050, 9837100
5051, 9556822
5052, 9280572
5053, 9008351
5054, 8740160
5055, 8476000
5056, 8215872
5057, 7959777
5058, 7707716
5059, 7459690
5060, 7215700
5061, 6975747
5062, 6739832
5063, 6507956
5064, 6280120
5065, 6056325
5066, 5836572
5067, 5620862
5068, 5409196
5069, 5201575
5070, 4998000
5071, 4798472
5072, 4602992
5073, 4411561
5074, 4224180
5075, 4040850
5076, 3861572
5077, 3686347
5078, 3515176
5079, 3348060
5080, 3185000
5081, 3025997
5082, 2871052
5083, 2720166
5084, 2573340
5085, 2430575
5086, 2291872
5087, 2157232
5088, 2026656
5089, 1900145
5090, 1777700
5091, 1659322
5092, 1545012
5093, 1434771
5094, 1328600
5095, 1226500
5096, 1128472
5097, 1034517
5098, 944636
5099, 858830
5100, 777100
5101, 699447
5102, 625872
5103, 556376
5104, 490960
5105, 429625
5106, 372372
5107, 319202
5108, 270116
5109, 225115
5110, 184200
5111, 147372
5112, 114632
5113, 85981
5114, 61420
5115, 40950
5116, 24572
5117, 12287
5118, 4096
